Albania,AL,FOTW
Algeria,DZ,FOTW
Andorra,AD,FOTW
Angola,AO,FOTW
Australia,AU,FOTW,Blue Cats WT,Titina,Nisan WT
Austria,AT,FOTW,Blue Cats WT,UiD,GF,PaperSisters,Nisan WT
Bahrain,BH,FOTW
Bangladesh,BD,FOTW
Belarus,BY,FOTW
Belgium,BE,FOTW,Blue Cats WT,Nisan WT
Bosnia and Herzegovina,BA,FOTW,GF
Brazil,BR,FOTW,Blue Cats WT
Brunei,BN,FOTW
Bulgaria,BG,FOTW,UiD
Cambodia,KH,FOTW
Canada,CA,FOTW,Nisan WT
Chile,CL,FOTW,GF,WonderPost
China,CN,FOTW,Blue Cats WT,CCUN,WOW,Titina,Nisan WT
Costa Rica,CR,FOTW
Croatia,HR,FOTW
Cyprus,CY,FOTW,Nisan WT,UiD
Czech Republic,CZ,FOTW,Blue Cats WT,UiD
Denmark,DK,FOTW,GF,UiD
Estonia,EE,FOTW
Eswatini,SZ,FOTW
Finland,FI,FOTW,Blue Cats WT,UiD,Nisan WT
France,FR,FOTW,Blue Cats WT,PaperSisters,Nisan WT
Germany,DE,FOTW,Blue Cats WT,UiD,CCUN,PaperSisters,Nisan WT, WordCloud
Ghana,GH,FOTW
Greece,GR,FOTW,Blue Cats WT,UiD
Haiti,HT,FOTW
Hungary,HU,FOTW,UiD
Iceland,IS,FOTW,GF
India,IN,FOTW,Blue Cats WT,WonderPost
Indonesia,ID,FOTW
Ireland,IE,FOTW,UiD,GF,Icons,Titina,Nisan WT,WonderPost
Israel,IL,FOTW,Nisan WT
Italy,IT,FOTW
Jamaica,JM,FOTW
Japan,JP,FOTW,Blue Cats WT,Nisan WT,GF
Kazakhstan,KZ,FOTW,WonderPost,Nisan WT
Kenya,KE,FOTW
Laos,LA,FOTW
Latvia,LV,FOTW,UiD,CCUN
Lebanon,LB,FOTW
Liechtenstein,LI,FOTW
Lithuania,LT,FOTW,UiD,CCUN
Luxembourg,LU,FOTW,UiD
Malaysia,MY,FOTW,GF,WonderPost
Malta,MT,FOTW,UiD
Mexico,MX,FOTW,Blue Cats WT,Nisan WT
Monaco,MC,FOTW
Netherlands,NL,FOTW,Blue Cats WT,UiD,Nisan WT
New Zealand,NZ,FOTW
Norway,NO,FOTW,Blue Cats WT
Oman,OM,FOTW
Palau,PW,FOTW
Peru,PE,FOTW
Philippines,PH,FOTW
Poland,PL,FOTW,Blue Cats WT,UiD
Portugal,PT,FOTW,Blue Cats WT,Nisan WT
Romania,RO,FOTW,UiD,World Fashion
Russia,RU,FOTW,Blue Cats WT,GF,WonderPost,Nisan WT
Samoa,WS,FOTW
San Marino,SM,FOTW
Saudi Arabia,SA,FOTW
Senegal,SN,FOTW
Singapore,SG,FOTW,PaperSisters,Nisan WT,Blue Cats WT
Slovakia,SK,FOTW,UiD,GF,Nisan WT
Slovenia,SI,FOTW
South Korea,KR,FOTW,Blue Cats WT,GF,Titina,Nisan WT,CCUN
Spain,ES,FOTW,Blue Cats WT,UiD,Titina
Sri Lanka,LK,FOTW
Sweden,SE,FOTW,LouPaper
Switzerland,CH,FOTW,Blue Cats WT
Taiwan,TW,FOTW,GF,Icons,Nisan WT
Tanzania,TZ,FOTW
Thailand,TH,FOTW,GF,WonderPost,Nisan WT,Blue Cats WT
The Gambia,GM,FOTW
Turkey,TR,FOTW,Blue Cats WT
Ukraine,UA,FOTW,CCUN,Nisan WT
United Arab Emirates,AE,FOTW,Nisan WT
United Kingdom,GB,FOTW,UiD,CCUN,Nisan WT
United States of America,US,FOTW,Blue Cats WT,GF,Icons,WOW,Titina,Nisan WT
Vatican City,VA,FOTW,GF
Vietnam,VN,FOTW
ASEAN,-,FOTW
European Union,EU,FOTW
Christmas Island,CX,FOTW
Norfolk Islands,NF,FOTW
Hong Kong,HK,FOTW,Nisan WT
Macau,MO,FOTW
Greenland,GL,FOTW
Ã…land Islands,AX,FOTW,PaperSisters
Bonaire,BQ,FOTW
England,GB-ENG,FOTW,Blue Cats WT
Gibraltar,GI,FOTW
Isle of Man,IM,FOTW
Scotland,GB-SCT,FOTW,LouPaper
Turks and Caicos Islands,TC,FOTW
Wales,GB-WLS,FOTW
The Bahamas,BS,WonderPost
North Korea,KP,Nisan WT
Nepal,NP,FOTW
Montenegro,ME,FOTW,WordCloud
Uzbekistan,UZ,FOTW,Nisan WT
Kyrgyzstan,KG,FOTW
Egypt,EG,FOTW
Serbia,RS,FOTW
Georgia,GE,FOTW
North Macedonia,MK,FOTW
Kosovo,XK,FOTW
Easter Island,-,FOTW
Tajikistan,TJ,Nisan WT
